island,baseline,n_test,rmse,r2
ALL ISLANDS,linear_trend,85,0.21348561740779212,-1.0676703595582495
Kusu,linear_trend,13,0.1599040130378679,-4.987252435368304
Lazarus,linear_trend,13,0.19190318980101326,-2.4937926800437595
Pulau Hantu,linear_trend,16,0.3487863835171022,-1.8256101881247138
Pulau Ubin,linear_trend,15,0.14041772409941022,-0.8831249854482146
Sisters,linear_trend,13,0.09403098725505746,-0.04335112873154845
St. John's,linear_trend,15,0.21690054969599953,-0.797953038609228
ALL ISLANDS,persistence,63,0.18569954579297226,-0.542519965150096
Kusu,persistence,10,0.09284308986229158,-3.164112875686662
Lazarus,persistence,9,0.13514884746267503,-5.801100635141917
Pulau Hantu,persistence,13,0.31736810204240745,-0.9946288842026729
Pulau Ubin,persistence,11,0.11463971135742754,-0.06719494570451223
Sisters,persistence,9,0.11679023945269933,-0.4822449412061407
St. John's,persistence,11,0.17715164379036558,-0.7107324602954226
