island,year,month,actual_ndvi,predicted_ndvi,error
Kusu,2022,3,0.6942862640653567,0.6972184,0.00293215405598124
Kusu,2022,4,0.6942862640653567,0.6179642,-0.07632205593928854
Kusu,2022,5,0.6772298173076614,0.59852844,-0.07870137254066312
Kusu,2022,6,0.6617473304092651,0.58754724,-0.07420008776781617
Kusu,2022,10,0.6564311662580938,0.61961293,-0.03681823405289364
Kusu,2022,11,0.6564311662580938,0.66704196,0.010610791120293617
Kusu,2022,12,0.5113840758200456,0.5342542,0.022870117485923602
Kusu,2023,1,0.5113840758200456,0.60184795,0.09046387082378371
Kusu,2023,2,0.24427282018122687,0.5831211,0.33884830074849115
Kusu,2023,3,0.24427282018122687,0.6616093,0.4173364718491076
Kusu,2023,4,0.6484650928101336,0.6458642,-0.002600904139021587
Kusu,2023,5,0.60100579680185,0.5771677,-0.023838107001587505
Kusu,2023,7,0.24005441382480583,0.57485014,0.33479572817729986
Kusu,2023,8,0.24005441382480583,0.5804148,0.34036035820888555
Kusu,2023,9,0.37625370782636747,0.574365,0.19811131197191134
Kusu,2023,11,0.54020294721807,0.5914327,0.05122974340235231
Kusu,2023,12,0.54020294721807,0.540215,1.206819330690223e-05
Kusu,2024,1,0.5859541804981572,0.54405993,-0.0418942482662541
Kusu,2024,2,0.6269304500736321,0.5893532,-0.03757724630013359
Kusu,2024,3,0.5923461569992721,0.60725534,0.014909182623225492
Kusu,2024,5,0.5589508724301687,0.5624871,0.003536252966559794
Kusu,2024,6,0.5589508724301687,0.60501635,0.046065478315986064
Kusu,2025,1,0.6550285794408717,0.6224188,-0.03260975858286996
Kusu,2025,2,0.6550285794408717,0.6013903,-0.053638277259627776
Kusu,2025,3,0.6807067961308652,0.6258141,-0.05489271589252287
Kusu,2025,4,0.5255400353685556,0.6451136,0.11957355201089992
Kusu,2025,5,0.5255400353685556,0.6353678,0.10982777535761012
Kusu,2025,6,0.6279294234582208,0.64132357,0.013394142978546797
Kusu,2025,7,0.639648288387238,0.64936435,0.009716063839019351
Kusu,2025,11,0.45325834342159615,0.6219428,0.16868447474322928
Kusu,2025,12,0.45325834342159615,0.5959638,0.14270543269000663
Kusu,2026,1,0.586968772462623,0.6098302,0.022861428209526635
Kusu,2026,5,0.7009243580704342,0.6484794,-0.052444956005157084
Kusu,2026,6,0.7009243580704342,0.6669192,-0.03400518626028404
Lazarus,2022,3,0.7552948144153219,0.7260612,-0.029233589477882904
Lazarus,2022,4,0.7552948144153219,0.66472024,-0.09057457716022543
Lazarus,2022,5,0.7442816125914268,0.6576063,-0.08667530889956276
Lazarus,2022,6,0.6795776874273115,0.7177543,0.038176616981715594
Lazarus,2022,10,0.7857770445233112,0.6530474,-0.13272966169173772
Lazarus,2022,11,0.7857770445233112,0.7155489,-0.07022817157561834
Lazarus,2022,12,0.5337782612557501,0.5866185,0.05284022181080872
Lazarus,2023,1,0.5337782612557501,0.69537497,0.1615967044119745
Lazarus,2023,2,0.5467094017014915,0.58872783,0.04201843013902362
Lazarus,2023,3,0.5467094017014915,0.689026,0.14231659641404804
Lazarus,2023,4,0.7604338639713231,0.68021756,-0.08021629986533552
Lazarus,2023,5,0.7259818982292987,0.69921035,-0.026771552484212036
Lazarus,2023,7,0.3685996711142256,0.72438663,0.3557869613282488
Lazarus,2023,8,0.3685996711142256,0.7305007,0.361901026975374
Lazarus,2023,9,0.5592356303982711,0.7258259,0.16659027540159466
Lazarus,2023,12,0.7085612548724016,0.5828927,-0.1256685389414629
Lazarus,2024,1,0.7085612548724016,0.57941467,-0.1291465891733965
Lazarus,2024,2,0.7870422227984862,0.5723295,-0.21471270161928702
Lazarus,2024,3,0.7517463881637299,0.6388081,-0.11293831655041808
Lazarus,2024,4,0.6764572006667225,0.6786391,0.0021819132363231075
Lazarus,2024,5,0.6764572006667225,0.6604154,-0.01604178967123915
Lazarus,2024,6,0.6611035114343231,0.6673367,0.006233190912478648
Lazarus,2025,1,0.746165921339009,0.6625356,-0.08363031352422023
Lazarus,2025,2,0.746165921339009,0.65015256,-0.09601335729024196
Lazarus,2025,3,0.7690114557901098,0.66449046,-0.10452099444062246
Lazarus,2025,4,0.6262887759187389,0.6815238,0.05523502397750135
Lazarus,2025,5,0.6262887759187389,0.69173956,0.0654507832548451
Lazarus,2025,6,0.7429528468540059,0.6855379,-0.05741497215536695
Lazarus,2025,7,0.759891893375327,0.6539413,-0.10595061968605701
Lazarus,2025,11,0.3752370784262313,0.7288525,0.35361543202603923
Lazarus,2025,12,0.3752370784262313,0.70833504,0.3330979635735856
Lazarus,2026,1,0.7162481110922699,0.72020525,0.0039571363099212276
Lazarus,2026,5,0.7358457965226382,0.6658295,-0.0700163168282717
Lazarus,2026,6,0.7358457965226382,0.65676314,-0.07908266013576681
Pulau Hantu,2022,3,0.6845723984604939,0.6830425,-0.0015298722153767041
Pulau Hantu,2022,4,0.6845723984604939,0.6744049,-0.010167479313002437
Pulau Hantu,2022,10,0.5737855164413228,0.6532178,0.07943227606966352
Pulau Hantu,2022,11,0.5737855164413228,0.62292594,0.049140420734427925
Pulau Hantu,2022,12,0.5981029863305843,0.5180477,-0.08005529593904381
Pulau Hantu,2023,1,0.5981029863305843,0.70550907,0.10740608025114173
Pulau Hantu,2023,2,0.39287468751564303,0.5436426,0.15076789299354276
Pulau Hantu,2023,3,0.39287468751564303,0.6294111,0.23653641382560453
Pulau Hantu,2023,4,0.6450970545840923,0.6041226,-0.040974475486344475
Pulau Hantu,2023,5,0.6392084169152803,0.52896345,-0.11024497029815383
Pulau Hantu,2023,6,0.5067477007784278,0.5406774,0.033929727467116644
Pulau Hantu,2023,7,0.40417795130327155,0.5446375,0.14045954993650506
Pulau Hantu,2023,8,0.40417795130327155,0.5356667,0.1314887528745849
Pulau Hantu,2023,9,-0.14195686043087954,0.44155982,0.5835166817981433
Pulau Hantu,2023,10,-0.14195686043087954,0.38777554,0.5297324007827472
Pulau Hantu,2023,12,0.5489302564423418,0.5232691,-0.025661139563832314
Pulau Hantu,2024,1,0.5489302564423418,0.56726736,0.018337101860728233
Pulau Hantu,2024,2,0.5700979793362789,0.49430197,-0.07579600456287194
Pulau Hantu,2024,3,0.6413501535337447,0.5936623,-0.04768783196620929
Pulau Hantu,2024,4,0.6497195737113189,0.6143753,-0.03534428045646665
Pulau Hantu,2024,5,0.6410825398828278,0.57873535,-0.06234718832032782
Pulau Hantu,2024,6,0.5891265096413048,0.6005363,0.011409777189597348
Pulau Hantu,2025,2,0.6731673293972101,0.54800224,-0.12516508635521795
Pulau Hantu,2025,3,0.6731673293972101,0.5875585,-0.08560882147789861
Pulau Hantu,2025,4,0.6030016499972756,0.6345986,0.03159696278806379
Pulau Hantu,2025,5,0.6030016499972756,0.6285467,0.025545064785439275
Pulau Hantu,2025,6,0.6700193278342801,0.5939397,-0.07607960624996002
Pulau Hantu,2025,7,-0.161983985689622,0.5682017,0.7301857064041911
Pulau Hantu,2025,11,0.5196215652874724,0.51217556,-0.007446005289913793
Pulau Hantu,2025,12,0.5196215652874724,0.47833806,-0.041283502524258275
Pulau Hantu,2026,1,0.6318892358507567,0.49571043,-0.13617880332130727
Pulau Hantu,2026,5,0.6102305802969488,0.58678234,-0.02344824406190238
Pulau Hantu,2026,6,0.6102305802969488,0.60706735,-0.0031632337240727892
Pulau Hantu,2026,7,0.5057250567490532,0.5488688,0.0431437186186836
Pulau Hantu,2026,8,0.5229894831551637,0.62919086,0.1062013790236388
Pulau Hantu,2026,9,0.20957118332827812,0.5200689,0.3104977005675959
Pulau Ubin,2022,1,0.7666480583758433,0.6526797,-0.11396837659788916
Pulau Ubin,2022,2,0.7666480583758433,0.6429966,-0.12365144916487525
Pulau Ubin,2022,3,0.7531096155263545,0.6961467,-0.0569628889180781
Pulau Ubin,2022,4,0.7531096155263545,0.6948294,-0.05828021117225901
Pulau Ubin,2022,5,0.7349470741677575,0.66662896,-0.06831811737301874
Pulau Ubin,2022,6,0.7104571054365756,0.5685376,-0.14191951254869717
Pulau Ubin,2022,10,0.6905931235246501,0.65689635,-0.03369677075670574
Pulau Ubin,2022,11,0.6905931235246501,0.32876077,-0.3618323505811534
Pulau Ubin,2022,12,0.2957728305411934,0.42804557,0.1322727403091789
Pulau Ubin,2023,1,0.2957728305411934,0.4552353,0.1594624719070793
Pulau Ubin,2023,4,0.6842294809588778,0.5681816,-0.1160479066142428
Pulau Ubin,2023,5,0.6842294809588778,0.59091216,-0.09331731770127893
Pulau Ubin,2023,6,0.6898839200487725,0.5903351,-0.09954884896188898
Pulau Ubin,2023,7,0.6110329269172099,0.527054,-0.08397891509546307
Pulau Ubin,2023,8,0.5644985029379598,0.49171656,-0.07278193923633014
Pulau Ubin,2023,9,0.6566665098875563,0.42636722,-0.2302992866247694
Pulau Ubin,2023,12,0.6225926259710561,0.48397756,-0.13861506974241844
Pulau Ubin,2024,1,0.6225926259710561,0.47729713,-0.14529549872419945
Pulau Ubin,2024,3,0.723532641071477,0.6611161,-0.06241651787201408
Pulau Ubin,2024,4,0.723532641071477,0.6817271,-0.041805529731907876
Pulau Ubin,2024,5,0.7839103210343524,0.6300853,-0.15382503155605043
Pulau Ubin,2024,6,0.6917028530552792,0.6101234,-0.08157945713547943
Pulau Ubin,2025,1,0.7773557349606991,0.4782129,-0.2991428419515133
Pulau Ubin,2025,2,0.7773557349606991,0.49934396,-0.27801177348341943
Pulau Ubin,2025,3,0.7647321458400836,0.53651506,-0.22821708875313906
Pulau Ubin,2025,4,0.645123520552717,0.404439,-0.24068451827725013
Pulau Ubin,2025,5,0.645123520552717,0.50417584,-0.14094767874439795
Pulau Ubin,2025,6,0.7205550553383473,0.49666667,-0.22388838549276624
Pulau Ubin,2025,7,0.6972589865221442,0.62291694,-0.0743420496477546
Pulau Ubin,2025,8,0.5732704006925802,0.65962404,0.08635363943422036
Pulau Ubin,2025,9,0.5732704006925802,0.58987796,0.0166075623735209
Pulau Ubin,2025,12,0.7055215590547671,0.665767,-0.039754545028125254
Pulau Ubin,2026,1,0.7055215590547671,0.6389318,-0.06658974819890162
Pulau Ubin,2026,5,0.7352027674177166,0.7099995,-0.02520326571254694
Pulau Ubin,2026,6,0.7352027674177166,0.7296248,-0.005577959583091374
Pulau Ubin,2026,7,0.6180591663118671,0.6928939,0.0748347560170819
Pulau Ubin,2026,8,0.6306754317288558,0.5673923,-0.06328314209033647
Pulau Ubin,2026,9,0.3618350232575573,0.46066952,0.09883449425953256
Sisters,2022,3,0.774340558911303,0.7312173,-0.043123234177568914
Sisters,2022,4,0.774340558911303,0.6816437,-0.09269683446977472
Sisters,2022,5,0.5434731099112283,0.654201,0.11072786121532807
Sisters,2022,6,0.5434731099112283,0.72351116,0.1800380495087851
Sisters,2022,10,0.731455554013868,0.6378589,-0.09359662676395952
Sisters,2022,11,0.731455554013868,0.6966859,-0.03476964378895342
Sisters,2023,2,0.31292370676172815,0.70247936,0.3895556557260648
Sisters,2023,3,0.31292370676172815,0.72742873,0.4145050275407926
Sisters,2023,4,0.7310006063965396,0.7577504,0.02674978556360441
Sisters,2023,5,0.7539069426319038,0.5847939,-0.16911301734656448
Sisters,2023,7,0.4935129443691291,0.5908711,0.09735815128821951
Sisters,2023,8,0.4935129443691291,0.6927471,0.19923417171973806
Sisters,2023,9,0.5828203928510708,0.68562233,0.10280194162921485
Sisters,2023,12,0.5684729426131264,0.6275366,0.05906365225457988
Sisters,2024,1,0.5684729426131264,0.59262663,0.024153688646791793
Sisters,2024,2,0.5865757210166198,0.56933343,-0.017242286911700377
Sisters,2024,4,0.5318813621142675,0.6638898,0.13200846322981818
Sisters,2024,5,0.5318813621142675,0.6175366,0.08565524229018195
Sisters,2024,6,0.6270023695471981,0.65525466,0.028252292489697628
Sisters,2025,1,0.74421229772556,0.6049159,-0.13929638080585172
Sisters,2025,2,0.74421229772556,0.60561085,-0.13860145025241544
Sisters,2025,3,0.7620897984195896,0.65296453,-0.10912526604425388
Sisters,2025,4,0.7065275834466784,0.7040494,-0.002478175010856898
Sisters,2025,5,0.7065275834466784,0.71571267,0.009185083064857213
Sisters,2025,6,0.7401170334224716,0.7289035,-0.011213560998918126
Sisters,2025,7,0.7528683921995271,0.72250384,-0.030364551276217733
Sisters,2025,12,0.7382246983752702,0.55508,-0.1831447017894242
Sisters,2026,1,0.7382246983752702,0.5614644,-0.1767602694735978
Sisters,2026,5,0.7350150316921911,0.58271945,-0.1522955864636144
Sisters,2026,6,0.7350150316921911,0.5793977,-0.15561735331694693
Sisters,2026,7,0.4800413178852182,0.635014,0.15497267966956085
Sisters,2026,8,0.6817421928199344,0.6237037,-0.05803847463450962
St. John's,2022,3,0.6837918654623077,0.6462496,-0.03754227315807801
St. John's,2022,4,0.6837918654623077,0.605768,-0.07802384054089051
St. John's,2022,5,0.6946299480853182,0.5845944,-0.11003551954604207
St. John's,2022,6,0.5798168322306864,0.6229295,0.04311268122375089
St. John's,2022,10,0.6970404625337008,0.5941378,-0.10290267471479209
St. John's,2022,11,0.6970404625337008,0.5823243,-0.11471613649534018
St. John's,2023,2,0.42676507225235566,0.6743073,0.2475422144869937
St. John's,2023,3,0.42676507225235566,0.7232404,0.29647530326644317
St. John's,2023,4,0.6940820724587494,0.71982956,0.025747486867422453
St. John's,2023,5,0.5847053075494908,0.57166255,-0.013042762345328196
St. John's,2023,7,0.5233939848701195,0.67199695,0.148602966233091
St. John's,2023,8,0.5233939848701195,0.60269755,0.07930356638033831
St. John's,2023,9,0.5810747919690205,0.5894809,0.008406084953586968
St. John's,2023,12,0.5738372885887272,0.6158502,0.04201292160109216
St. John's,2024,1,0.5738372885887272,0.61109185,0.03725456359938317
St. John's,2024,2,0.6576820647522603,0.5970452,-0.060636881570497625
St. John's,2024,3,0.6351216513962706,0.6581629,0.023041240468505975
St. John's,2024,4,0.6278752279718521,0.65021515,0.022339920953929115
St. John's,2024,5,0.6278752279718521,0.6252961,-0.002579112096607994
St. John's,2024,6,0.6414851295048755,0.61298555,-0.028499578147606175
St. John's,2025,1,0.614133188735988,0.55855477,-0.055578420173671095
St. John's,2025,2,0.614133188735988,0.57736933,-0.03676385642245039
St. John's,2025,3,0.6799973431439327,0.6070648,-0.07293255957078204
St. John's,2025,4,0.6230944079967757,0.5784157,-0.044678716144206154
St. John's,2025,5,0.6230944079967757,0.56541806,-0.057676343402506935
St. John's,2025,6,0.6617867172149872,0.5842234,-0.07756332758943785
St. John's,2025,7,0.6671099197300464,0.5926568,-0.07445312851987185
St. John's,2025,11,0.14624480548462748,0.5906584,0.44441362080016256
St. John's,2025,12,0.14624480548462748,0.57972604,0.4334812348786843
St. John's,2026,1,0.5826377436931697,0.5834812,0.0008434488956364783
St. John's,2026,5,0.6411705812465502,0.5554068,-0.08576377239340083
St. John's,2026,6,0.6411705812465502,0.57559437,-0.065576215649779
St. John's,2026,7,0.536561389212255,0.57454145,0.03798006033455892
St. John's,2026,8,0.18026130032259177,0.5731529,0.39289159941953467
St. John's,2026,9,0.18026130032259177,0.5692175,0.3889562027482395
